repo_name,repo_owner,repo_full_name,commit,date,status,filename,file_ext,blob_hash,size_bytes,size_MB,eid_occ,filename_occ,total_occ,unique_occ,repo_link,raw_link,file_link,found_ids,refs,old_filename,Decision,Justification
UKB_ML_Benchmarking,git@github.com:robisc,git@github.com:robisc/UKB_ML_Benchmarking,06bb2b1dc09750d6ca42a7944132ea5dd999a0b8,27/04/2026,added,Benchmarking_Model_Fitting_Evaluation_scalingsamplesize.ipynb,application/x-ipynb+json,cca61770de79ba85c78413eb20b0700df0c175a4,124942,0.119,0,0,0,0,https://github.com/git@github.com:robisc/UKB_ML_Benchmarking,https://raw.githubusercontent.com/git@github.com:robisc/UKB_ML_Benchmarking/06bb2b1dc09750d6ca42a7944132ea5dd999a0b8/Benchmarking_Model_Fitting_Evaluation_scalingsamplesize.ipynb,https://github.com/git@github.com:robisc/UKB_ML_Benchmarking/blob/06bb2b1dc09750d6ca42a7944132ea5dd999a0b8/Benchmarking_Model_Fitting_Evaluation_scalingsamplesize.ipynb,," (HEAD -> main, origin/main, origin/HEAD)",,,
UKB_ML_Benchmarking,git@github.com:robisc,git@github.com:robisc/UKB_ML_Benchmarking,06bb2b1dc09750d6ca42a7944132ea5dd999a0b8,27/04/2026,added,Benchmarking_Postprocessing_v1.ipynb,application/x-ipynb+json,03724ce7f71da00562e5e5b03f0286f7240fe7b1,19436,0.018,0,0,0,0,https://github.com/git@github.com:robisc/UKB_ML_Benchmarking,https://raw.githubusercontent.com/git@github.com:robisc/UKB_ML_Benchmarking/06bb2b1dc09750d6ca42a7944132ea5dd999a0b8/Benchmarking_Postprocessing_v1.ipynb,https://github.com/git@github.com:robisc/UKB_ML_Benchmarking/blob/06bb2b1dc09750d6ca42a7944132ea5dd999a0b8/Benchmarking_Postprocessing_v1.ipynb,," (HEAD -> main, origin/main, origin/HEAD)",,,
UKB_ML_Benchmarking,git@github.com:robisc,git@github.com:robisc/UKB_ML_Benchmarking,06bb2b1dc09750d6ca42a7944132ea5dd999a0b8,27/04/2026,added,Benchmarking_Preprocessing_Imputation.ipynb,application/x-ipynb+json,6ce190862ecac16056b132f80f45df99ebb14c4d,17816,0.016,0,0,0,0,https://github.com/git@github.com:robisc/UKB_ML_Benchmarking,https://raw.githubusercontent.com/git@github.com:robisc/UKB_ML_Benchmarking/06bb2b1dc09750d6ca42a7944132ea5dd999a0b8/Benchmarking_Preprocessing_Imputation.ipynb,https://github.com/git@github.com:robisc/UKB_ML_Benchmarking/blob/06bb2b1dc09750d6ca42a7944132ea5dd999a0b8/Benchmarking_Preprocessing_Imputation.ipynb,," (HEAD -> main, origin/main, origin/HEAD)",,,
UKB_ML_Benchmarking,git@github.com:robisc,git@github.com:robisc/UKB_ML_Benchmarking,06bb2b1dc09750d6ca42a7944132ea5dd999a0b8,27/04/2026,added,Benchmarking_plotting.ipynb,application/x-ipynb+json,f0f932b90a48287cb14376dc86e9adb209e7a708,152235,0.145,0,0,0,0,https://github.com/git@github.com:robisc/UKB_ML_Benchmarking,https://raw.githubusercontent.com/git@github.com:robisc/UKB_ML_Benchmarking/06bb2b1dc09750d6ca42a7944132ea5dd999a0b8/Benchmarking_plotting.ipynb,https://github.com/git@github.com:robisc/UKB_ML_Benchmarking/blob/06bb2b1dc09750d6ca42a7944132ea5dd999a0b8/Benchmarking_plotting.ipynb,," (HEAD -> main, origin/main, origin/HEAD)",,,
UKB_ML_Benchmarking,git@github.com:robisc,git@github.com:robisc/UKB_ML_Benchmarking,06bb2b1dc09750d6ca42a7944132ea5dd999a0b8,27/04/2026,added,Benchmarking_plotting_scaling.ipynb,application/x-ipynb+json,78bba277691e73eb0422ca705434f952049da09f,31382,0.029,0,0,0,0,https://github.com/git@github.com:robisc/UKB_ML_Benchmarking,https://raw.githubusercontent.com/git@github.com:robisc/UKB_ML_Benchmarking/06bb2b1dc09750d6ca42a7944132ea5dd999a0b8/Benchmarking_plotting_scaling.ipynb,https://github.com/git@github.com:robisc/UKB_ML_Benchmarking/blob/06bb2b1dc09750d6ca42a7944132ea5dd999a0b8/Benchmarking_plotting_scaling.ipynb,," (HEAD -> main, origin/main, origin/HEAD)",,,
UKB_ML_Benchmarking,git@github.com:robisc,git@github.com:robisc/UKB_ML_Benchmarking,06bb2b1dc09750d6ca42a7944132ea5dd999a0b8,27/04/2026,added,Benchmarking_plotting_statistics.ipynb,application/x-ipynb+json,ef028d19370842b8eb96a22538be919452420bd9,61726,0.058,0,0,0,0,https://github.com/git@github.com:robisc/UKB_ML_Benchmarking,https://raw.githubusercontent.com/git@github.com:robisc/UKB_ML_Benchmarking/06bb2b1dc09750d6ca42a7944132ea5dd999a0b8/Benchmarking_plotting_statistics.ipynb,https://github.com/git@github.com:robisc/UKB_ML_Benchmarking/blob/06bb2b1dc09750d6ca42a7944132ea5dd999a0b8/Benchmarking_plotting_statistics.ipynb,," (HEAD -> main, origin/main, origin/HEAD)",,,
UKB_ML_Benchmarking,git@github.com:robisc,git@github.com:robisc/UKB_ML_Benchmarking,06bb2b1dc09750d6ca42a7944132ea5dd999a0b8,27/04/2026,added,LICENSE,unknown,738eab04ec06a0d691ea62d1eb3018fa8ebab64b,1069,0.001,0,0,0,0,https://github.com/git@github.com:robisc/UKB_ML_Benchmarking,https://raw.githubusercontent.com/git@github.com:robisc/UKB_ML_Benchmarking/06bb2b1dc09750d6ca42a7944132ea5dd999a0b8/LICENSE,https://github.com/git@github.com:robisc/UKB_ML_Benchmarking/blob/06bb2b1dc09750d6ca42a7944132ea5dd999a0b8/LICENSE,," (HEAD -> main, origin/main, origin/HEAD)",,,
UKB_ML_Benchmarking,git@github.com:robisc,git@github.com:robisc/UKB_ML_Benchmarking,06bb2b1dc09750d6ca42a7944132ea5dd999a0b8,27/04/2026,added,README.md,text/markdown,b45eb84e429743435d64d382c0a422c22bc7bab4,1200,0.001,0,0,0,0,https://github.com/git@github.com:robisc/UKB_ML_Benchmarking,https://raw.githubusercontent.com/git@github.com:robisc/UKB_ML_Benchmarking/06bb2b1dc09750d6ca42a7944132ea5dd999a0b8/README.md,https://github.com/git@github.com:robisc/UKB_ML_Benchmarking/blob/06bb2b1dc09750d6ca42a7944132ea5dd999a0b8/README.md,," (HEAD -> main, origin/main, origin/HEAD)",,,
UKB_ML_Benchmarking,git@github.com:robisc,git@github.com:robisc/UKB_ML_Benchmarking,06bb2b1dc09750d6ca42a7944132ea5dd999a0b8,27/04/2026,added,Touchscreen preprocessing v2.R,text/x-r-source,bf4eec5e1a49cc58e79ed0af0db3a3d087762773,224231,0.213,0,0,0,0,https://github.com/git@github.com:robisc/UKB_ML_Benchmarking,https://raw.githubusercontent.com/git@github.com:robisc/UKB_ML_Benchmarking/06bb2b1dc09750d6ca42a7944132ea5dd999a0b8/Touchscreen preprocessing v2.R,https://github.com/git@github.com:robisc/UKB_ML_Benchmarking/blob/06bb2b1dc09750d6ca42a7944132ea5dd999a0b8/Touchscreen preprocessing v2.R,," (HEAD -> main, origin/main, origin/HEAD)",,,
